{
  "simulation_info": {
    "system_type": "two_level_quantum_system",
    "temperature": 300.0,
    "noise_model": "protein_ohmic",
    "simulation_time": 10.0,
    "time_step": 0.1,
    "total_steps": 101
  },
  "hamiltonian": {
    "matrix": [
      [
        0.0,
        0.1
      ],
      [
        0.1,
        2.0
      ]
    ],
    "energy_gap": 2.0,
    "coupling": 0.1
  },
  "results": {
    "time_points": [
      0.0,
      0.1,
      0.2,
      0.30000000000000004,
      0.4,
      0.5,
      0.6000000000000001,
      0.7000000000000001,
      0.8,
      0.9,
      1.0,
      1.1,
      1.2000000000000002,
      1.3,
      1.4000000000000001,
      1.5,
      1.6,
      1.7000000000000002,
      1.8,
      1.9000000000000001,
      2.0,
      2.1,
      2.2,
      2.3000000000000003,
      2.4000000000000004,
      2.5,
      2.6,
      2.7,
      2.8000000000000003,
      2.9000000000000004,
      3.0,
      3.1,
      3.2,
      3.3000000000000003,
      3.4000000000000004,
      3.5,
      3.6,
      3.7,
      3.8000000000000003,
      3.9000000000000004,
      4.0,
      4.1000000000000005,
      4.2,
      4.3,
      4.4,
      4.5,
      4.6000000000000005,
      4.7,
      4.800000000000001,
      4.9,
      5.0,
      5.1000000000000005,
      5.2,
      5.300000000000001,
      5.4,
      5.5,
      5.6000000000000005,
      5.7,
      5.800000000000001,
      5.9,
      6.0,
      6.1000000000000005,
      6.2,
      6.300000000000001,
      6.4,
      6.5,
      6.6000000000000005,
      6.7,
      6.800000000000001,
      6.9,
      7.0,
      7.1000000000000005,
      7.2,
      7.300000000000001,
      7.4,
      7.5,
      7.6000000000000005,
      7.7,
      7.800000000000001,
      7.9,
      8.0,
      8.1,
      8.200000000000001,
      8.3,
      8.4,
      8.5,
      8.6,
      8.700000000000001,
      8.8,
      8.9,
      9.0,
      9.1,
      9.200000000000001,
      9.3,
      9.4,
      9.5,
      9.600000000000001,
      9.700000000000001,
      9.8,
      9.9,
      10.0
    ],
    "energy_trajectory": [
      1.0,
      1.0,
      1.0,
      1.0,
      1.0,
      1.0,
      1.0,
      1.0,
      1.0,
      1.0,
      1.0,
      1.0,
      1.0,
      1.0,
      1.0,
      1.0,
      1.0,
      1.0,
      1.0,
      1.0,
      1.0,
      1.0,
      1.0,
      1.0,
      1.0,
      1.0,
      1.0,
      1.0,
      1.0,
      1.0,
      1.0,
      1.0,
      1.0,
      1.0,
      1.0,
      1.0,
      1.0,
      1.0,
      1.0,
      1.0,
      1.0,
      1.0,
      1.0,
      1.0,
      1.0,
      1.0,
      1.0,
      1.0,
      1.0,
      1.0,
      1.0,
      1.0,
      1.0,
      1.0,
      1.0,
      1.0,
      1.0,
      1.0,
      1.0,
      1.0,
      1.0,
      1.0,
      1.0,
      1.0,
      1.0,
      1.0,
      1.0,
      1.0,
      1.0,
      1.0,
      1.0,
      1.0,
      1.0,
      1.0,
      1.0,
      1.0,
      1.0,
      1.0,
      1.0,
      1.0,
      1.0,
      1.0,
      1.0,
      1.0,
      1.0,
      1.0,
      1.0,
      1.0,
      1.0,
      1.0,
      1.0,
      1.0,
      1.0,
      1.0,
      1.0,
      1.0,
      1.0,
      1.0,
      1.0,
      1.0,
      1.0
    ],
    "purity_trajectory": [
      1.0,
      0.995024916874584,
      0.9900993366533777,
      0.9852227667742541,
      0.9803947195761615,
      0.975614712250357,
      0.9708822667921244,
      0.9661969099529741,
      0.9615581731933178,
      0.9569655926356141,
      0.9524187090179798,
      0.9479170676482641,
      0.9434602183585787,
      0.9390477154602807,
      0.9346791176994029,
      0.9303539882125289,
      0.9260718944831057,
      0.9218324082981918,
      0.917635105705636,
      0.9134795669716811,
      0.9093653765389909,
      0.9052921229850935,
      0.9012593989812392,
      0.8972668012516669,
      0.8933139305332767,
      0.8894003915357025,
      0.8855257929017831,
      0.8816897471684266,
      0.8778918707278627,
      0.8741317837892826,
      0.8704091103408589,
      0.8667234781121447,
      0.8630745185368454,
      0.859461866715963,
      0.8558851613813048,
      0.8523440448593567,
      0.8488381630355155,
      0.8453671653186774,
      0.8419307046061779,
      0.8385284372490823,
      0.8351600230178197,
      0.8318251250681596,
      0.8285234099075284,
      0.8252545473616583,
      0.8220182105415706,
      0.8188140758108866,
      0.815641822753463,
      0.8125011341413504,
      0.8093916959030705,
      0.806313197092208,
      0.8032653298563167,
      0.800247789406133,
      0.7972602739850971,
      0.7943024848391775,
      0.7913741261869949,
      0.7884749051902433,
      0.7856045319244074,
      0.7827627193497686,
      0.779949183282701,
      0.7771636423672534,
      0.7744058180470133,
      0.7716754345372498,
      0.7689722187973372,
      0.7662959005034486,
      0.7636462120215243,
      0.761022888380508,
      0.7584256672458496,
      0.7558542888932712,
      0.7533084961827947,
      0.7507880345330278,
      0.7482926518957047,
      0.7458220987304826,
      0.7433761279799858,
      0.7409544950451012,
      0.7385569577605171,
      0.7361832763705074,
      0.7338332135049546,
      0.7315065341556141,
      0.7292030056526118,
      0.7269223976411779,
      0.7246644820586108,
      0.7224290331114706,
      0.7202158272529996,
      0.7180246431607678,
      0.7158552617145398,
      0.7137074659743633,
      0.7115810411588744,
      0.7094757746238195,
      0.7073914558407907,
      0.7053278763761728,
      0.7032848298702996,
      0.701262112016818,
      0.699259520542257,
      0.6972768551858005,
      0.6953139176792605,
      0.6933705117272506,
      0.691446442987556,
      0.6895415190516994,
      0.6876555494256997,
      0.6857883455110229,
      0.6839397205857212
    ],